{
    "accuracy": 0.9374730487278999,
    "temp": 3.8742048900000006
}