{
    "accuracy": 0.9232427770590772,
    "temp": 3.8742048900000006
}