{
    "accuracy": 0.9301423027166882,
    "temp": 3.8742048900000006
}