{
    "accuracy": 0.9310047434238896,
    "temp": 3.8742048900000006
}