{
    "accuracy": 0.9279862009486848,
    "temp": 3.8742048900000006
}