{
    "accuracy": 0.9288486416558862,
    "temp": 3.8742048900000006
}