{
    "accuracy": 0.9357481673134972,
    "temp": 3.8742048900000006
}