{
    "accuracy": 0.9297110823630875,
    "temp": 3.8742048900000006
}